<?xml version="1.0" encoding="UTF-8"?>
<!DOCTYPE mapper PUBLIC "-//mybatis.org//DTD Mapper 3.0//EN" "http://mybatis.org/dtd/mybatis-3-mapper.dtd">

<mapper namespace="io.niceseason.gulimall.product.dao.ProductAttrValueDao">

	<!-- 可根据自己的需求，是否要使用 -->
    <resultMap type="io.niceseason.gulimall.product.entity.ProductAttrValueEntity" id="productAttrValueMap">
        <result property="id" column="id"/>
        <result property="spuId" column="spu_id"/>
        <result property="attrId" column="attr_id"/>
        <result property="attrName" column="attr_name"/>
        <result property="attrValue" column="attr_value"/>
        <result property="attrSort" column="attr_sort"/>
        <result property="quickShow" column="quick_show"/>
    </resultMap>

    <resultMap id="ProductGroupAttrsMap" type="io.niceseason.gulimall.product.vo.SpuItemAttrGroupVo">
        <result property="groupName" column="attr_group_name"/>
        <collection property="attrs" ofType="io.niceseason.gulimall.product.vo.Attr">
            <result property="attrId" column="attr_id"/>
            <result property="attrName" column="attr_name"/>
            <result property="attrValue" column="attr_value"/>
        </collection>
    </resultMap>
    
    <select id="getProductGroupAttrsBySpuId" resultMap="ProductGroupAttrsMap">
        SELECT ag.attr_group_name,attr.attr_id,attr.attr_name,attr.attr_value
        FROM pms_attr_attrgroup_relation aar 
        LEFT JOIN pms_attr_group ag ON aar.attr_group_id=ag.attr_group_id
        LEFT JOIN pms_product_attr_value attr ON aar.attr_id=attr.attr_id
        WHERE attr.spu_id = #{spuId} AND ag.catelog_id = #{catalogId}
    </select>

</mapper>