<?xml version="1.0" encoding="UTF-8"?>
<!DOCTYPE mapper PUBLIC "-//mybatis.org//DTD Mapper 3.0//EN" "http://mybatis.org/dtd/mybatis-3-mapper.dtd">

<mapper namespace="com.atguigu.gulimall.ware.dao.WareOrderTaskDetailDao">

	<!-- 可根据自己的需求，是否要使用 -->
    <resultMap type="com.atguigu.gulimall.ware.entity.WareOrderTaskDetailEntity" id="wareOrderTaskDetailMap">
        <result property="id" column="id"/>
        <result property="skuId" column="sku_id"/>
        <result property="skuName" column="sku_name"/>
        <result property="skuNum" column="sku_num"/>
        <result property="taskId" column="task_id"/>
        <result property="wareId" column="ware_id"/>
        <result property="lockStatus" column="lock_status"/>
    </resultMap>


</mapper>